{
  "Comment": "Prescription processing workflow for ABC Pharmacy",
  "StartAt": "ValidatePrescription",
  "States": {
    "ValidatePrescription": {
      "Type": "Task",
      "Resource": "arn:aws:states:::lambda:invoke",
      "Parameters": {
        "FunctionName": "mcp-client-lambda",
        "Payload": {
          "action": "validate",
          "prescriptionNumber.$": "$.prescriptionNumber",
          "patientName.$": "$.patientName",
          "requestId.$": "$.requestId"
        }
      },
      "ResultPath": "$.validationResult",
      "Next": "CheckValidationResult",
      "Catch": [
        {
          "ErrorEquals": ["States.ALL"],
          "Next": "ValidationFailed",
          "ResultPath": "$.error"
        }
      ]
    },
    "CheckValidationResult": {
      "Type": "Choice",
      "Choices": [
        {
          "Variable": "$.validationResult.Payload.isValid",
          "BooleanEquals": true,
          "Next": "ProcessPrescription"
        }
      ],
      "Default": "ValidationFailed"
    },
    "ProcessPrescription": {
      "Type": "Task",
      "Resource": "arn:aws:states:::lambda:invoke",
      "Parameters": {
        "FunctionName": "prescription-processor-lambda",
        "Payload": {
          "prescriptionNumber.$": "$.prescriptionNumber",
          "patientName.$": "$.patientName",
          "validationData.$": "$.validationResult.Payload",
          "requestId.$": "$.requestId"
        }
      },
      "ResultPath": "$.processingResult",
      "Next": "CheckProcessingResult",
      "Catch": [
        {
          "ErrorEquals": ["States.ALL"],
          "Next": "ProcessingFailed",
          "ResultPath": "$.error"
        }
      ]
    },
    "CheckProcessingResult": {
      "Type": "Choice",
      "Choices": [
        {
          "Variable": "$.processingResult.Payload.status",
          "StringEquals": "SUCCESS",
          "Next": "SendSuccessNotification"
        }
      ],
      "Default": "ProcessingFailed"
    },
    "SendSuccessNotification": {
      "Type": "Task",
      "Resource": "arn:aws:states:::lambda:invoke",
      "Parameters": {
        "FunctionName": "prescription-email-notifier-lambda",
        "Payload": {
          "notificationType": "SUCCESS",
          "prescriptionNumber.$": "$.prescriptionNumber",
          "patientName.$": "$.patientName",
          "processingResult.$": "$.processingResult.Payload",
          "requestId.$": "$.requestId"
        }
      },
      "ResultPath": "$.notificationResult",
      "Next": "WorkflowSuccess"
    },
    "ValidationFailed": {
      "Type": "Task",
      "Resource": "arn:aws:states:::lambda:invoke",
      "Parameters": {
        "FunctionName": "prescription-email-notifier-lambda",
        "Payload": {
          "notificationType": "VALIDATION_FAILED",
          "prescriptionNumber.$": "$.prescriptionNumber",
          "patientName.$": "$.patientName",
          "error.$": "$.error",
          "requestId.$": "$.requestId"
        }
      },
      "ResultPath": "$.notificationResult",
      "Next": "WorkflowFailed"
    },
    "ProcessingFailed": {
      "Type": "Task",
      "Resource": "arn:aws:states:::lambda:invoke",
      "Parameters": {
        "FunctionName": "prescription-email-notifier-lambda",
        "Payload": {
          "notificationType": "PROCESSING_FAILED",
          "prescriptionNumber.$": "$.prescriptionNumber",
          "patientName.$": "$.patientName",
          "error.$": "$.error",
          "requestId.$": "$.requestId"
        }
      },
      "ResultPath": "$.notificationResult",
      "Next": "WorkflowFailed"
    },
    "WorkflowSuccess": {
      "Type": "Pass",
      "Result": {
        "status": "SUCCESS",
        "message": "Prescription processed successfully"
      },
      "End": true
    },
    "WorkflowFailed": {
      "Type": "Pass",
      "Result": {
        "status": "FAILED",
        "message": "Prescription processing failed"
      },
      "End": true
    }
  }
}