{
  "Comment": "Prescription Workflow Step Function",
  "StartAt": "ValidateInput",
  "States": {
    "ValidateInput": {
      "Type": "Task",
      "Resource": "arn:aws:states:::lambda:invoke",
      "Parameters": {
        "FunctionName": "prescription-processor-lambda",
        "Payload": {
          "action": "validate_input",
          "data.$": "$"
        }
      },
      "ResultPath": "$.validation_result",
      "Next": "CheckValidation",
      "Catch": [
        {
          "ErrorEquals": ["States.ALL"],
          "Next": "ValidationError",
          "ResultPath": "$.error"
        }
      ]
    },
    "CheckValidation": {
      "Type": "Choice",
      "Choices": [
        {
          "Variable": "$.validation_result.Payload.valid",
          "BooleanEquals": true,
          "Next": "CallMCPClient"
        }
      ],
      "Default": "ValidationError"
    },
    "CallMCPClient": {
      "Type": "Task",
      "Resource": "arn:aws:states:::lambda:invoke",
      "Parameters": {
        "FunctionName": "mcp-client-lambda",
        "Payload": {
          "action": "validate_prescription",
          "prescription_data.$": "$"
        }
      },
      "ResultPath": "$.mcp_result",
      "Next": "CheckMCPValidation",
      "Catch": [
        {
          "ErrorEquals": ["States.ALL"],
          "Next": "MCPError",
          "ResultPath": "$.error"
        }
      ]
    },
    "CheckMCPValidation": {
      "Type": "Choice",
      "Choices": [
        {
          "Variable": "$.mcp_result.Payload.validation_passed",
          "BooleanEquals": true,
          "Next": "ProcessPrescription"
        }
      ],
      "Default": "MCPValidationFailed"
    },
    "ProcessPrescription": {
      "Type": "Task",
      "Resource": "arn:aws:states:::lambda:invoke",
      "Parameters": {
        "FunctionName": "prescription-processor-lambda",
        "Payload": {
          "action": "process_prescription",
          "data.$": "$"
        }
      },
      "ResultPath": "$.processing_result",
      "Next": "SendNotification",
      "Catch": [
        {
          "ErrorEquals": ["States.ALL"],
          "Next": "ProcessingError",
          "ResultPath": "$.error"
        }
      ]
    },
    "SendNotification": {
      "Type": "Task",
      "Resource": "arn:aws:states:::lambda:invoke",
      "Parameters": {
        "FunctionName": "prescription-email-notifier-lambda",
        "Payload": {
          "action": "send_success_notification",
          "prescription_data.$": "$",
          "processing_result.$": "$.processing_result.Payload"
        }
      },
      "ResultPath": "$.notification_result",
      "Next": "Success",
      "Catch": [
        {
          "ErrorEquals": ["States.ALL"],
          "Next": "NotificationError",
          "ResultPath": "$.error"
        }
      ]
    },
    "Success": {
      "Type": "Pass",
      "Result": {
        "status": "success",
        "message": "Prescription processed successfully"
      },
      "End": true
    },
    "ValidationError": {
      "Type": "Task",
      "Resource": "arn:aws:states:::lambda:invoke",
      "Parameters": {
        "FunctionName": "prescription-email-notifier-lambda",
        "Payload": {
          "action": "send_error_notification",
          "error_type": "validation",
          "prescription_data.$": "$",
          "error_details.$": "$.error"
        }
      },
      "Next": "Failure"
    },
    "MCPError": {
      "Type": "Task",
      "Resource": "arn:aws:states:::lambda:invoke",
      "Parameters": {
        "FunctionName": "prescription-email-notifier-lambda",
        "Payload": {
          "action": "send_error_notification",
          "error_type": "mcp_error",
          "prescription_data.$": "$",
          "error_details.$": "$.error"
        }
      },
      "Next": "Failure"
    },
    "MCPValidationFailed": {
      "Type": "Task",
      "Resource": "arn:aws:states:::lambda:invoke",
      "Parameters": {
        "FunctionName": "prescription-email-notifier-lambda",
        "Payload": {
          "action": "send_error_notification",
          "error_type": "mcp_validation_failed",
          "prescription_data.$": "$",
          "validation_details.$": "$.mcp_result.Payload"
        }
      },
      "Next": "Failure"
    },
    "ProcessingError": {
      "Type": "Task",
      "Resource": "arn:aws:states:::lambda:invoke",
      "Parameters": {
        "FunctionName": "prescription-email-notifier-lambda",
        "Payload": {
          "action": "send_error_notification",
          "error_type": "processing",
          "prescription_data.$": "$",
          "error_details.$": "$.error"
        }
      },
      "Next": "Failure"
    },
    "NotificationError": {
      "Type": "Pass",
      "Result": {
        "status": "partial_success",
        "message": "Prescription processed but notification failed"
      },
      "End": true
    },
    "Failure": {
      "Type": "Pass",
      "Result": {
        "status": "failure",
        "message": "Prescription processing failed"
      },
      "End": true
    }
  }
}