{
  "botName": "ABCPharmacyBot",
  "description": "ABC Pharmacy customer service bot for prescription management",
  "roleArn": "arn:aws:iam::ACCOUNT:role/LexBotRole",
  "dataPrivacy": {
    "childDirected": false
  },
  "idleSessionTTLInSeconds": 300,
  "botLocales": [
    {
      "localeId": "en_US",
      "description": "English locale for ABC Pharmacy Bot",
      "nluIntentConfidenceThreshold": 0.40,
      "voiceSettings": {
        "voiceId": "Joanna"
      },
      "slotTypes": [
        {
          "slotTypeName": "PrescriptionNumber",
          "description": "Prescription number format",
          "slotTypeValues": [
            {
              "sampleValue": {
                "value": "RX123456"
              }
            }
          ],
          "valueSelectionStrategy": "TOP_RESOLUTION"
        }
      ],
      "intents": [
        {
          "intentName": "PrescriptionRefill",
          "description": "Handle prescription refill requests",
          "sampleUtterances": [
            {
              "utterance": "I need to refill my prescription"
            },
            {
              "utterance": "Can you refill prescription {PrescriptionNumber}"
            },
            {
              "utterance": "I want to refill my medication"
            },
            {
              "utterance": "Refill my prescription please"
            }
          ],
          "slots": [
            {
              "slotName": "PrescriptionNumber",
              "description": "The prescription number to refill",
              "slotTypeName": "PrescriptionNumber",
              "valueElicitationPrompt": {
                "messageGroups": [
                  {
                    "message": {
                      "plainTextMessage": {
                        "value": "What is your prescription number? It should start with RX followed by numbers."
                      }
                    }
                  }
                ]
              },
              "slotConstraint": "Required"
            },
            {
              "slotName": "PatientName",
              "description": "Patient name for verification",
              "slotTypeName": "AMAZON.FirstName",
              "valueElicitationPrompt": {
                "messageGroups": [
                  {
                    "message": {
                      "plainTextMessage": {
                        "value": "Can you please provide the patient's first name for verification?"
                      }
                    }
                  }
                ]
              },
              "slotConstraint": "Required"
            }
          ],
          "intentConfirmationSetting": {
            "promptSpecification": {
              "messageGroups": [
                {
                  "message": {
                    "plainTextMessage": {
                      "value": "I'll process the refill for prescription {PrescriptionNumber} for {PatientName}. Is this correct?"
                    }
                  }
                }
              ]
            },
            "declinationResponse": {
              "messageGroups": [
                {
                  "message": {
                    "plainTextMessage": {
                      "value": "No problem. Let me know if you need help with anything else."
                    }
                  }
                }
              ]
            }
          },
          "fulfillmentCodeHook": {
            "enabled": true
          }
        },
        {
          "intentName": "CheckPrescriptionStatus",
          "description": "Check status of existing prescription",
          "sampleUtterances": [
            {
              "utterance": "What's the status of my prescription"
            },
            {
              "utterance": "Check prescription {PrescriptionNumber} status"
            },
            {
              "utterance": "Is my prescription ready"
            }
          ],
          "slots": [
            {
              "slotName": "PrescriptionNumber",
              "description": "The prescription number to check",
              "slotTypeName": "PrescriptionNumber",
              "valueElicitationPrompt": {
                "messageGroups": [
                  {
                    "message": {
                      "plainTextMessage": {
                        "value": "What prescription number would you like me to check?"
                      }
                    }
                  }
                ]
              },
              "slotConstraint": "Required"
            }
          ]
        },
        {
          "intentName": "TransferToPharmacist",
          "description": "Transfer to human pharmacist",
          "sampleUtterances": [
            {
              "utterance": "I want to speak to a pharmacist"
            },
            {
              "utterance": "Transfer me to a human"
            },
            {
              "utterance": "I need to talk to someone"
            },
            {
              "utterance": "Connect me to a pharmacist"
            }
          ]
        }
      ]
    }
  ]
}